<animated-vector xmlns:android="http://schemas.android.com/apk/res/android" xmlns:aapt="http://schemas.android.com/aapt"><aapt:attr name="android:drawable"><vector android:height="1080dp" android:width="1920dp" android:viewportHeight="1080" android:viewportWidth="1920"><group android:name="_R_G"><group android:name="_R_G_L_0_G"><group android:name="_R_G_L_0_G_L_2_G" android:translateX="960" android:translateY="540"><path android:name="_R_G_L_0_G_L_2_G_D_0_P_0" android:fillColor="#ffffff" android:fillAlpha="1" android:fillType="nonZero" android:trimPathStart="1" android:trimPathEnd="1" android:trimPathOffset="0" android:pathData=" M-131.37 -52.25 C-131.37,-52.25 -148,-52.25 -157.25,-46.5 C-176.11,-34.77 -176.25,-18.5 -176.25,-18.5 C-176.25,-18.5 -151.75,-18.5 -151.75,-18.5 C-151.75,-18.5 -150.4,-36.91 -126.81,-33.31 C-116.56,-31.75 -114.5,-21 -114.25,-19.5 C-114,-18 -114,-8.25 -114,-8.25 C-114,-8.25 -89.69,-7.44 -89.69,-7.44 C-89.69,-7.44 -84.89,-33.16 -106,-46.25 C-118.5,-54 -131.37,-52.25 -131.37,-52.25c "/><path android:name="_R_G_L_0_G_L_2_G_D_1_P_0" android:strokeColor="#ffffff" android:strokeLineCap="round" android:strokeLineJoin="round" android:strokeWidth="1" android:strokeAlpha="1" android:trimPathStart="1" android:trimPathEnd="1" android:trimPathOffset="0" android:pathData=" M-131.37 -52.25 C-131.37,-52.25 -148,-52.25 -157.25,-46.5 C-176.11,-34.77 -176.25,-18.5 -176.25,-18.5 C-176.25,-18.5 -151.75,-18.5 -151.75,-18.5 C-151.75,-18.5 -150.4,-36.91 -126.81,-33.31 C-116.56,-31.75 -114.5,-21 -114.25,-19.5 C-114,-18 -114,-8.25 -114,-8.25 C-114,-8.25 -89.69,-7.44 -89.69,-7.44 C-89.69,-7.44 -84.89,-33.16 -106,-46.25 C-118.5,-54 -131.37,-52.25 -131.37,-52.25c "/><path android:name="_R_G_L_0_G_L_2_G_D_2_P_0" android:fillColor="#ffffff" android:fillAlpha="1" android:fillType="nonZero" android:trimPathStart="1" android:trimPathEnd="1" android:trimPathOffset="0" android:pathData=" M-89.25 -13.75 C-89.25,-13.75 -114,-13.75 -114,-13.75 C-114,-13.75 -114,48.25 -114,48.25 C-114,48.25 -111.31,57.56 -110.56,58.06 C-109.94,58 -84.19,58 -84.19,58 C-84.19,58 -89.25,49.75 -89.25,36.75 C-89.25,23.75 -89.25,-13.75 -89.25,-13.75c "/><path android:name="_R_G_L_0_G_L_2_G_D_3_P_0" android:strokeColor="#ffffff" android:strokeLineCap="round" android:strokeLineJoin="round" android:strokeWidth="1" android:strokeAlpha="1" android:trimPathStart="1" android:trimPathEnd="1" android:trimPathOffset="0" android:pathData=" M-89.25 -13.75 C-89.25,-13.75 -114,-13.75 -114,-13.75 C-114,-13.75 -114,48.25 -114,48.25 C-114,48.25 -111.31,57.56 -110.56,58.06 C-109.94,58 -84.19,58 -84.19,58 C-84.19,58 -89.25,49.75 -89.25,36.75 C-89.25,23.75 -89.25,-13.75 -89.25,-13.75c "/><path android:name="_R_G_L_0_G_L_2_G_D_4_P_0" android:fillColor="#ffffff" android:fillAlpha="1" android:fillType="nonZero" android:trimPathStart="1" android:trimPathEnd="1" android:trimPathOffset="0" android:pathData=" M-103.62 -8 C-103.62,-8 -130.87,-7.99 -142.5,-7.75 C-154.75,-7.5 -171.25,0.38 -176.25,14.75 C-181.06,28.58 -179,39.5 -169.25,49.25 C-159.5,59 -150.75,60.63 -137.12,59.75 C-123.5,58.88 -114,49.13 -114,49.13 C-114,49.13 -110.06,20.8 -112.12,24.75 C-117.75,35.5 -124.25,37.13 -124.62,37.38 C-125,37.63 -148.7,46.6 -153.37,30.38 C-154.02,28.12 -154.28,26.08 -154.21,24.24 C-153.5,7.25 -136.12,8 -136.12,8 C-136.12,8 -112.5,7.63 -112.5,7.63 C-112.5,7.63 -103.62,-8 -103.62,-8c "/><path android:name="_R_G_L_0_G_L_2_G_D_5_P_0" android:strokeColor="#ffffff" android:strokeLineCap="round" android:strokeLineJoin="round" android:strokeWidth="1" android:strokeAlpha="1" android:trimPathStart="1" android:trimPathEnd="1" android:trimPathOffset="0" android:pathData=" M-103.62 -8 C-103.62,-8 -130.87,-7.99 -142.5,-7.75 C-154.75,-7.5 -171.25,0.38 -176.25,14.75 C-181.06,28.58 -179,39.5 -169.25,49.25 C-159.5,59 -150.75,60.63 -137.12,59.75 C-123.5,58.88 -114,49.13 -114,49.13 C-114,49.13 -110.06,20.8 -112.12,24.75 C-117.75,35.5 -124.25,37.13 -124.62,37.38 C-125,37.63 -148.7,46.6 -153.37,30.38 C-154.02,28.12 -154.28,26.08 -154.21,24.24 C-153.5,7.25 -136.12,8 -136.12,8 C-136.12,8 -112.5,7.63 -112.5,7.63 C-112.5,7.63 -103.62,-8 -103.62,-8c "/></group><group android:name="_R_G_L_0_G_L_1_G" android:translateX="960" android:translateY="540"><path android:name="_R_G_L_0_G_L_1_G_D_0_P_0" android:fillColor="#ffffff" android:fillAlpha="1" android:fillType="nonZero" android:trimPathStart="1" android:trimPathEnd="1" android:trimPathOffset="0" android:pathData=" M-328 -50.25 C-328,-50.25 -352.5,-49.75 -352.5,-49.75 C-352.5,-49.75 -352.5,57.75 -352.5,57.75 C-352.5,57.75 -328,57.75 -328,57.75 C-328,57.75 -328,-50.25 -328,-50.25c "/><path android:name="_R_G_L_0_G_L_1_G_D_1_P_0" android:strokeColor="#ffffff" android:strokeLineCap="round" android:strokeLineJoin="round" android:strokeWidth="1" android:strokeAlpha="1" android:trimPathStart="1" android:trimPathEnd="1" android:trimPathOffset="0" android:pathData=" M-328 -50.25 C-328,-50.25 -352.5,-49.75 -352.5,-49.75 C-352.5,-49.75 -352.5,57.75 -352.5,57.75 C-352.5,57.75 -328,57.75 -328,57.75 C-328,57.75 -328,-50.25 -328,-50.25c "/><path android:name="_R_G_L_0_G_L_1_G_D_2_P_0" android:fillColor="#ffffff" android:fillAlpha="1" android:fillType="nonZero" android:trimPathStart="1" android:trimPathEnd="1" android:trimPathOffset="0" android:pathData=" M-299 -52.25 C-324.75,-51.5 -334.25,-32 -335.25,-29 C-336.25,-26 -331.5,-14.5 -331.5,-14.5 C-331.5,-14.5 -326,-34 -306.25,-32.25 C-286.5,-30.5 -288.25,-17.5 -288,-14.25 C-287.75,-11 -288,58 -288,58 C-288,58 -263.5,58 -263.5,58 C-263.5,58 -263.5,-40.75 -263.5,-40.75 C-263.5,-40.75 -268.75,-35.5 -268.75,-35.5 C-268.75,-35.5 -273.25,-53 -299,-52.25c "/><path android:name="_R_G_L_0_G_L_1_G_D_3_P_0" android:strokeColor="#ffffff" android:strokeLineCap="round" android:strokeLineJoin="round" android:strokeWidth="1" android:strokeAlpha="1" android:trimPathStart="1" android:trimPathEnd="1" android:trimPathOffset="0" android:pathData=" M-299 -52.25 C-324.75,-51.5 -334.25,-32 -335.25,-29 C-336.25,-26 -331.5,-14.5 -331.5,-14.5 C-331.5,-14.5 -326,-34 -306.25,-32.25 C-286.5,-30.5 -288.25,-17.5 -288,-14.25 C-287.75,-11 -288,58 -288,58 C-288,58 -263.5,58 -263.5,58 C-263.5,58 -263.5,-40.75 -263.5,-40.75 C-263.5,-40.75 -268.75,-35.5 -268.75,-35.5 C-268.75,-35.5 -273.25,-53 -299,-52.25c "/><path android:name="_R_G_L_0_G_L_1_G_D_4_P_0" android:fillColor="#ffffff" android:fillAlpha="1" android:fillType="nonZero" android:trimPathStart="1" android:trimPathEnd="1" android:trimPathOffset="0" android:pathData=" M-234.25 -53 C-260.29,-52.8 -265.25,-38.25 -274.25,-26.5 C-283.25,-14.75 -266.5,-15 -266.5,-15 C-266.5,-15 -257.5,-33.5 -240,-32.25 C-224.15,-31.12 -224.5,-20 -224,-18.25 C-223.5,-16.5 -224,58 -224,58 C-224,58 -199.25,58 -199.25,58 C-199.25,58 -199.25,-22.5 -199.25,-22.5 C-199.25,-22.5 -201.75,-53.25 -234.25,-53c "/><path android:name="_R_G_L_0_G_L_1_G_D_5_P_0" android:strokeColor="#ffffff" android:strokeLineCap="round" android:strokeLineJoin="round" android:strokeWidth="1" android:strokeAlpha="1" android:trimPathStart="1" android:trimPathEnd="1" android:trimPathOffset="0" android:pathData=" M-234.25 -53 C-260.29,-52.8 -265.25,-38.25 -274.25,-26.5 C-283.25,-14.75 -266.5,-15 -266.5,-15 C-266.5,-15 -257.5,-33.5 -240,-32.25 C-224.15,-31.12 -224.5,-20 -224,-18.25 C-223.5,-16.5 -224,58 -224,58 C-224,58 -199.25,58 -199.25,58 C-199.25,58 -199.25,-22.5 -199.25,-22.5 C-199.25,-22.5 -201.75,-53.25 -234.25,-53c "/></group><group android:name="_R_G_L_0_G_L_0_G" android:translateX="960" android:translateY="540"><path android:name="_R_G_L_0_G_L_0_G_D_0_P_0" android:fillColor="#ffffff" android:fillAlpha="1" android:fillType="nonZero" android:trimPathStart="1" android:trimPathEnd="1" android:trimPathOffset="0" android:pathData=" M-41.25 -50 C-41.25,-50 -65.25,-50 -65.25,-50 C-65.25,-50 -64.75,58.25 -64.75,58.25 C-64.75,58.25 -41.25,58.25 -41.25,58.25 C-41.25,58.25 -41.25,-50 -41.25,-50c "/><path android:name="_R_G_L_0_G_L_0_G_D_1_P_0" android:strokeColor="#ffffff" android:strokeLineCap="round" android:strokeLineJoin="round" android:strokeWidth="1" android:strokeAlpha="1" android:trimPathStart="1" android:trimPathEnd="1" android:trimPathOffset="0" android:pathData=" M-41.25 -50 C-41.25,-50 -65.25,-50 -65.25,-50 C-65.25,-50 -64.75,58.25 -64.75,58.25 C-64.75,58.25 -41.25,58.25 -41.25,58.25 C-41.25,58.25 -41.25,-50 -41.25,-50c "/><path android:name="_R_G_L_0_G_L_0_G_D_2_P_0" android:fillColor="#ffffff" android:fillAlpha="1" android:fillType="nonZero" android:trimPathStart="1" android:trimPathEnd="1" android:trimPathOffset="0" android:pathData=" M8.25 -48.5 C-22.62,-62.53 -44.87,-33.75 -44.87,-33.75 C-44.87,-33.75 -45.25,-12.5 -45.25,-12.5 C-45.25,-12.5 -38.78,-29.97 -20.75,-32 C-0.75,-34.25 0.25,-16.75 0.25,-16.75 C0.25,-16.75 0.25,58.5 0.25,58.5 C0.25,58.5 24.25,58.5 24.25,58.5 C24.25,58.5 24.22,-19.4 24.25,-20.75 C24.38,-25.62 22,-42.25 8.25,-48.5c "/><path android:name="_R_G_L_0_G_L_0_G_D_3_P_0" android:strokeColor="#ffffff" android:strokeLineCap="round" android:strokeLineJoin="round" android:strokeWidth="1" android:strokeAlpha="1" android:trimPathStart="1" android:trimPathEnd="1" android:trimPathOffset="0" android:pathData=" M8.25 -48.5 C-22.62,-62.53 -44.87,-33.75 -44.87,-33.75 C-44.87,-33.75 -45.25,-12.5 -45.25,-12.5 C-45.25,-12.5 -38.78,-29.97 -20.75,-32 C-0.75,-34.25 0.25,-16.75 0.25,-16.75 C0.25,-16.75 0.25,58.5 0.25,58.5 C0.25,58.5 24.25,58.5 24.25,58.5 C24.25,58.5 24.22,-19.4 24.25,-20.75 C24.38,-25.62 22,-42.25 8.25,-48.5c "/></group></group></group><group android:name="time_group"/></vector></aapt:attr><target android:name="_R_G_L_0_G_L_2_G_D_0_P_0"><aapt:attr name="android:animation"><set android:ordering="together"><objectAnimator android:propertyName="trimPathStart" android:duration="958" android:startOffset="0" android:valueFrom="1" android:valueTo="0" android:valueType="floatType"><aapt:attr name="android:interpolator"><pathInterpolator android:pathData="M 0.0,0.0 c1,-0.01 0.353,0.905 1.0,1.0"/></aapt:attr></objectAnimator><objectAnimator android:propertyName="trimPathStart" android:duration="542" android:startOffset="958" android:valueFrom="0" android:valueTo="0" android:valueType="floatType"><aapt:attr name="android:interpolator"><pathInterpolator android:pathData="M 0.0,0.0 c0.324,-0.001 0.833,1 1.0,1.0"/></aapt:attr></objectAnimator></set></aapt:attr></target><target android:name="_R_G_L_0_G_L_2_G_D_1_P_0"><aapt:attr name="android:animation"><set android:ordering="together"><objectAnimator android:propertyName="trimPathStart" android:duration="958" android:startOffset="0" android:valueFrom="1" android:valueTo="0" android:valueType="floatType"><aapt:attr name="android:interpolator"><pathInterpolator android:pathData="M 0.0,0.0 c1,-0.01 0.353,0.905 1.0,1.0"/></aapt:attr></objectAnimator><objectAnimator android:propertyName="trimPathStart" android:duration="542" android:startOffset="958" android:valueFrom="0" android:valueTo="0" android:valueType="floatType"><aapt:attr name="android:interpolator"><pathInterpolator android:pathData="M 0.0,0.0 c0.324,-0.001 0.833,1 1.0,1.0"/></aapt:attr></objectAnimator></set></aapt:attr></target><target android:name="_R_G_L_0_G_L_2_G_D_2_P_0"><aapt:attr name="android:animation"><set android:ordering="together"><objectAnimator android:propertyName="trimPathStart" android:duration="958" android:startOffset="0" android:valueFrom="1" android:valueTo="0" android:valueType="floatType"><aapt:attr name="android:interpolator"><pathInterpolator android:pathData="M 0.0,0.0 c1,-0.01 0.353,0.905 1.0,1.0"/></aapt:attr></objectAnimator><objectAnimator android:propertyName="trimPathStart" android:duration="542" android:startOffset="958" android:valueFrom="0" android:valueTo="0" android:valueType="floatType"><aapt:attr name="android:interpolator"><pathInterpolator android:pathData="M 0.0,0.0 c0.324,-0.001 0.833,1 1.0,1.0"/></aapt:attr></objectAnimator></set></aapt:attr></target><target android:name="_R_G_L_0_G_L_2_G_D_3_P_0"><aapt:attr name="android:animation"><set android:ordering="together"><objectAnimator android:propertyName="trimPathStart" android:duration="958" android:startOffset="0" android:valueFrom="1" android:valueTo="0" android:valueType="floatType"><aapt:attr name="android:interpolator"><pathInterpolator android:pathData="M 0.0,0.0 c1,-0.01 0.353,0.905 1.0,1.0"/></aapt:attr></objectAnimator><objectAnimator android:propertyName="trimPathStart" android:duration="542" android:startOffset="958" android:valueFrom="0" android:valueTo="0" android:valueType="floatType"><aapt:attr name="android:interpolator"><pathInterpolator android:pathData="M 0.0,0.0 c0.324,-0.001 0.833,1 1.0,1.0"/></aapt:attr></objectAnimator></set></aapt:attr></target><target android:name="_R_G_L_0_G_L_2_G_D_4_P_0"><aapt:attr name="android:animation"><set android:ordering="together"><objectAnimator android:propertyName="trimPathStart" android:duration="958" android:startOffset="0" android:valueFrom="1" android:valueTo="0" android:valueType="floatType"><aapt:attr name="android:interpolator"><pathInterpolator android:pathData="M 0.0,0.0 c1,-0.01 0.353,0.905 1.0,1.0"/></aapt:attr></objectAnimator><objectAnimator android:propertyName="trimPathStart" android:duration="542" android:startOffset="958" android:valueFrom="0" android:valueTo="0" android:valueType="floatType"><aapt:attr name="android:interpolator"><pathInterpolator android:pathData="M 0.0,0.0 c0.324,-0.001 0.833,1 1.0,1.0"/></aapt:attr></objectAnimator></set></aapt:attr></target><target android:name="_R_G_L_0_G_L_2_G_D_5_P_0"><aapt:attr name="android:animation"><set android:ordering="together"><objectAnimator android:propertyName="trimPathStart" android:duration="958" android:startOffset="0" android:valueFrom="1" android:valueTo="0" android:valueType="floatType"><aapt:attr name="android:interpolator"><pathInterpolator android:pathData="M 0.0,0.0 c1,-0.01 0.353,0.905 1.0,1.0"/></aapt:attr></objectAnimator><objectAnimator android:propertyName="trimPathStart" android:duration="542" android:startOffset="958" android:valueFrom="0" android:valueTo="0" android:valueType="floatType"><aapt:attr name="android:interpolator"><pathInterpolator android:pathData="M 0.0,0.0 c0.324,-0.001 0.833,1 1.0,1.0"/></aapt:attr></objectAnimator></set></aapt:attr></target><target android:name="_R_G_L_0_G_L_1_G_D_0_P_0"><aapt:attr name="android:animation"><set android:ordering="together"><objectAnimator android:propertyName="trimPathStart" android:duration="958" android:startOffset="0" android:valueFrom="1" android:valueTo="0" android:valueType="floatType"><aapt:attr name="android:interpolator"><pathInterpolator android:pathData="M 0.0,0.0 c1,-0.01 0.353,0.905 1.0,1.0"/></aapt:attr></objectAnimator></set></aapt:attr></target><target android:name="_R_G_L_0_G_L_1_G_D_1_P_0"><aapt:attr name="android:animation"><set android:ordering="together"><objectAnimator android:propertyName="trimPathStart" android:duration="958" android:startOffset="0" android:valueFrom="1" android:valueTo="0" android:valueType="floatType"><aapt:attr name="android:interpolator"><pathInterpolator android:pathData="M 0.0,0.0 c1,-0.01 0.353,0.905 1.0,1.0"/></aapt:attr></objectAnimator></set></aapt:attr></target><target android:name="_R_G_L_0_G_L_1_G_D_2_P_0"><aapt:attr name="android:animation"><set android:ordering="together"><objectAnimator android:propertyName="trimPathStart" android:duration="958" android:startOffset="0" android:valueFrom="1" android:valueTo="0" android:valueType="floatType"><aapt:attr name="android:interpolator"><pathInterpolator android:pathData="M 0.0,0.0 c1,-0.01 0.353,0.905 1.0,1.0"/></aapt:attr></objectAnimator></set></aapt:attr></target><target android:name="_R_G_L_0_G_L_1_G_D_3_P_0"><aapt:attr name="android:animation"><set android:ordering="together"><objectAnimator android:propertyName="trimPathStart" android:duration="958" android:startOffset="0" android:valueFrom="1" android:valueTo="0" android:valueType="floatType"><aapt:attr name="android:interpolator"><pathInterpolator android:pathData="M 0.0,0.0 c1,-0.01 0.353,0.905 1.0,1.0"/></aapt:attr></objectAnimator></set></aapt:attr></target><target android:name="_R_G_L_0_G_L_1_G_D_4_P_0"><aapt:attr name="android:animation"><set android:ordering="together"><objectAnimator android:propertyName="trimPathStart" android:duration="958" android:startOffset="0" android:valueFrom="1" android:valueTo="0" android:valueType="floatType"><aapt:attr name="android:interpolator"><pathInterpolator android:pathData="M 0.0,0.0 c1,-0.01 0.353,0.905 1.0,1.0"/></aapt:attr></objectAnimator></set></aapt:attr></target><target android:name="_R_G_L_0_G_L_1_G_D_5_P_0"><aapt:attr name="android:animation"><set android:ordering="together"><objectAnimator android:propertyName="trimPathStart" android:duration="958" android:startOffset="0" android:valueFrom="1" android:valueTo="0" android:valueType="floatType"><aapt:attr name="android:interpolator"><pathInterpolator android:pathData="M 0.0,0.0 c1,-0.01 0.353,0.905 1.0,1.0"/></aapt:attr></objectAnimator></set></aapt:attr></target><target android:name="_R_G_L_0_G_L_0_G_D_0_P_0"><aapt:attr name="android:animation"><set android:ordering="together"><objectAnimator android:propertyName="trimPathStart" android:duration="958" android:startOffset="0" android:valueFrom="1" android:valueTo="0" android:valueType="floatType"><aapt:attr name="android:interpolator"><pathInterpolator android:pathData="M 0.0,0.0 c1,-0.01 0.353,0.905 1.0,1.0"/></aapt:attr></objectAnimator></set></aapt:attr></target><target android:name="_R_G_L_0_G_L_0_G_D_1_P_0"><aapt:attr name="android:animation"><set android:ordering="together"><objectAnimator android:propertyName="trimPathStart" android:duration="958" android:startOffset="0" android:valueFrom="1" android:valueTo="0" android:valueType="floatType"><aapt:attr name="android:interpolator"><pathInterpolator android:pathData="M 0.0,0.0 c1,-0.01 0.353,0.905 1.0,1.0"/></aapt:attr></objectAnimator></set></aapt:attr></target><target android:name="_R_G_L_0_G_L_0_G_D_2_P_0"><aapt:attr name="android:animation"><set android:ordering="together"><objectAnimator android:propertyName="trimPathStart" android:duration="958" android:startOffset="0" android:valueFrom="1" android:valueTo="0" android:valueType="floatType"><aapt:attr name="android:interpolator"><pathInterpolator android:pathData="M 0.0,0.0 c1,-0.01 0.353,0.905 1.0,1.0"/></aapt:attr></objectAnimator></set></aapt:attr></target><target android:name="_R_G_L_0_G_L_0_G_D_3_P_0"><aapt:attr name="android:animation"><set android:ordering="together"><objectAnimator android:propertyName="trimPathStart" android:duration="958" android:startOffset="0" android:valueFrom="1" android:valueTo="0" android:valueType="floatType"><aapt:attr name="android:interpolator"><pathInterpolator android:pathData="M 0.0,0.0 c1,-0.01 0.353,0.905 1.0,1.0"/></aapt:attr></objectAnimator></set></aapt:attr></target><target android:name="time_group"><aapt:attr name="android:animation"><set android:ordering="together"><objectAnimator android:propertyName="translateX" android:duration="2000" android:startOffset="0" android:valueFrom="0" android:valueTo="1" android:valueType="floatType"/></set></aapt:attr></target></animated-vector>