<animated-vector xmlns:android="http://schemas.android.com/apk/res/android" xmlns:aapt="http://schemas.android.com/aapt"><aapt:attr name="android:drawable"><vector android:height="1080dp" android:width="1920dp" android:viewportHeight="1080" android:viewportWidth="1920"><group android:name="_R_G"><group android:name="_R_G_L_2_G" android:translateX="960" android:translateY="540"><path android:name="_R_G_L_2_G_D_0_P_0" android:strokeColor="#ffffff" android:strokeLineCap="round" android:strokeLineJoin="round" android:strokeWidth="2" android:strokeAlpha="1" android:trimPathStart="0" android:trimPathEnd="0" android:trimPathOffset="0" android:pathData=" M-163 -60.75 C-176,-57.75 -181.75,-50 -181.75,-50 C-181.75,-50 -181.75,-59.25 -181.75,-59.25 C-181.75,-59.25 -201,-59.25 -201,-59.25 C-201,-59.25 -201,28.75 -201,28.75 C-201,28.75 -181,28.75 -181,28.75 C-181,28.75 -181,-34.75 -181,-34.75 C-181,-34.75 -174.85,-45.71 -164.25,-44.75 C-153.25,-43.75 -150.75,-38.75 -149,-33.25 C-147.25,-27.75 -148,28.75 -148,28.75 C-148,28.75 -128.5,28.75 -128.5,28.75 C-128.5,28.75 -128.5,-33 -128.5,-33 C-128.5,-33 -123.74,-45.73 -112,-45 C-100,-44.25 -98,-37.5 -97,-35 C-96,-32.5 -96,28.25 -96,28.25 C-96,28.25 -76.5,28.5 -76.5,28.5 C-76.5,28.5 -76.75,-36.75 -76.75,-36.75 C-76.75,-36.75 -80.5,-59.75 -104.5,-60.5 C-124.78,-61.13 -132.5,-48 -132.5,-48 C-132.5,-48 -143.15,-65.33 -163,-60.75c "/></group><group android:name="_R_G_L_1_G" android:translateX="960" android:translateY="540" android:scaleY="0"><path android:name="_R_G_L_1_G_D_0_P_0" android:strokeColor="#ffffff" android:strokeLineCap="round" android:strokeLineJoin="round" android:strokeWidth="2" android:strokeAlpha="1" android:trimPathStart="0" android:trimPathEnd="0" android:trimPathOffset="0" android:pathData=" M-18.37 -61.37 C-51.48,-62.4 -56.37,-41.12 -56.37,-41.12 C-56.37,-41.12 -57.5,-34 -57.5,-34 C-57.5,-34 -38,-34 -38,-34 C-38,-34 -35.48,-46.21 -22,-45.75 C-7.25,-45.25 -7,-33.75 -7,-33.75 C-7,-33.75 -7,-25.25 -7,-25.25 C-7,-25.25 -26.5,-25.25 -26.5,-25.25 C-26.5,-25.25 -54.57,-25.91 -59,-2 C-64,25 -36,29.75 -36,29.75 C-36,29.75 -18.59,32.34 -6.25,20 C-6,19.75 -6.19,25.25 -3.25,28.25 C-3.25,28.25 15.94,28.25 15.94,28.25 C15.94,28.25 12.88,22.25 12.63,14.63 C12.5,10.78 12.63,-35.25 12.63,-35.25 C12.63,-35.25 9.75,-60.5 -18.37,-61.37c "/><path android:name="_R_G_L_1_G_D_1_P_0" android:strokeColor="#ffffff" android:strokeLineCap="round" android:strokeLineJoin="round" android:strokeWidth="2" android:strokeAlpha="1" android:trimPathStart="0" android:trimPathEnd="0" android:trimPathOffset="0" android:pathData=" M-22.5 -13 C-22.5,-13 -38.52,-11.95 -39.75,2 C-40.5,10.5 -30,14 -30,14 C-30,14 -13.25,17 -7,4.25 C-7,3.5 -7,-12.75 -7,-12.75 C-7,-12.75 -22.5,-13 -22.5,-13c "/></group><group android:name="_R_G_L_0_G" android:translateX="960" android:translateY="540" android:scaleY="0"><path android:name="_R_G_L_0_G_D_0_P_0" android:strokeColor="#ffffff" android:strokeLineCap="round" android:strokeLineJoin="round" android:strokeWidth="2" android:strokeAlpha="1" android:trimPathStart="0" android:trimPathEnd="0" android:trimPathOffset="0" android:pathData=" M82 -61 C61.5,-63 52,-50 52,-50 C52,-50 52,-59 52,-59 C52,-59 33,-59.25 33,-59.25 C33,-59.25 33,28.5 33,28.5 C33,28.5 53,28.5 53,28.5 C53,28.5 53,-33.75 53,-33.75 C53,-33.75 57.78,-43.72 67.75,-44.75 C82.25,-46.25 86,-35.25 86,-35.25 C86,-35.25 86,28.75 86,28.75 C86,28.75 105.5,28.75 105.5,28.75 C105.5,28.75 105.5,-36.75 105.5,-36.75 C105.5,-36.75 104.21,-58.83 82,-61c "/></group></group><group android:name="time_group"/></vector></aapt:attr><target android:name="_R_G_L_2_G_D_0_P_0"><aapt:attr name="android:animation"><set android:ordering="together"><objectAnimator android:propertyName="trimPathEnd" android:duration="800" android:startOffset="0" android:valueFrom="0" android:valueTo="1" android:valueType="floatType"><aapt:attr name="android:interpolator"><pathInterpolator android:pathData="M 0.0,0.0 c0.167,0 0.833,1 1.0,1.0"/></aapt:attr></objectAnimator></set></aapt:attr></target><target android:name="_R_G_L_1_G_D_0_P_0"><aapt:attr name="android:animation"><set android:ordering="together"><objectAnimator android:propertyName="trimPathEnd" android:duration="200" android:startOffset="0" android:valueFrom="0" android:valueTo="0" android:valueType="floatType"><aapt:attr name="android:interpolator"><pathInterpolator android:pathData="M 0.0,0.0 c0.167,0 0.833,1 1.0,1.0"/></aapt:attr></objectAnimator><objectAnimator android:propertyName="trimPathEnd" android:duration="800" android:startOffset="200" android:valueFrom="0" android:valueTo="1" android:valueType="floatType"><aapt:attr name="android:interpolator"><pathInterpolator android:pathData="M 0.0,0.0 c0.167,0 0.833,1 1.0,1.0"/></aapt:attr></objectAnimator></set></aapt:attr></target><target android:name="_R_G_L_1_G_D_1_P_0"><aapt:attr name="android:animation"><set android:ordering="together"><objectAnimator android:propertyName="trimPathEnd" android:duration="200" android:startOffset="0" android:valueFrom="0" android:valueTo="0" android:valueType="floatType"><aapt:attr name="android:interpolator"><pathInterpolator android:pathData="M 0.0,0.0 c0.167,0 0.833,1 1.0,1.0"/></aapt:attr></objectAnimator><objectAnimator android:propertyName="trimPathEnd" android:duration="800" android:startOffset="200" android:valueFrom="0" android:valueTo="1" android:valueType="floatType"><aapt:attr name="android:interpolator"><pathInterpolator android:pathData="M 0.0,0.0 c0.167,0 0.833,1 1.0,1.0"/></aapt:attr></objectAnimator></set></aapt:attr></target><target android:name="_R_G_L_1_G"><aapt:attr name="android:animation"><set android:ordering="together"><objectAnimator android:propertyName="scaleY" android:duration="0" android:startOffset="200" android:valueFrom="0" android:valueTo="1" android:valueType="floatType"/></set></aapt:attr></target><target android:name="_R_G_L_0_G_D_0_P_0"><aapt:attr name="android:animation"><set android:ordering="together"><objectAnimator android:propertyName="trimPathEnd" android:duration="400" android:startOffset="0" android:valueFrom="0" android:valueTo="0" android:valueType="floatType"><aapt:attr name="android:interpolator"><pathInterpolator android:pathData="M 0.0,0.0 c0.167,0 0.833,1 1.0,1.0"/></aapt:attr></objectAnimator><objectAnimator android:propertyName="trimPathEnd" android:duration="800" android:startOffset="400" android:valueFrom="0" android:valueTo="1" android:valueType="floatType"><aapt:attr name="android:interpolator"><pathInterpolator android:pathData="M 0.0,0.0 c0.167,0 0.833,1 1.0,1.0"/></aapt:attr></objectAnimator></set></aapt:attr></target><target android:name="_R_G_L_0_G"><aapt:attr name="android:animation"><set android:ordering="together"><objectAnimator android:propertyName="scaleY" android:duration="0" android:startOffset="400" android:valueFrom="0" android:valueTo="1" android:valueType="floatType"/></set></aapt:attr></target><target android:name="time_group"><aapt:attr name="android:animation"><set android:ordering="together"><objectAnimator android:propertyName="translateX" android:duration="3000" android:startOffset="0" android:valueFrom="0" android:valueTo="1" android:valueType="floatType"/></set></aapt:attr></target></animated-vector>