{"v":"5.4.2","fr":25,"ip":0,"op":75,"w":1920,"h":1080,"nm":"Composição 1","ddd":0,"assets":[{"id":"image_0","w":1668,"h":1950,"u":"images/","p":"img_0.png","e":0}],"fonts":{"list":[{"origin":0,"fPath":"","fClass":"","fFamily":"Roboto","fWeight":"","fStyle":"Bold","fName":"Roboto-Bold","ascent":75}]},"layers":[{"ddd":0,"ind":1,"ty":2,"nm":"img_0.png","cl":"png","refId":"image_0","sr":1,"ks":{"o":{"a":0,"k":100,"ix":11},"r":{"a":0,"k":0,"ix":10},"p":{"a":0,"k":[1128.5,532.5,0],"ix":2},"a":{"a":0,"k":[834,975,0],"ix":1},"s":{"a":1,"k":[{"i":{"x":[0.938,0.938,0.667],"y":[0.997,0.997,1]},"o":{"x":[0.167,0.167,0.167],"y":[0.167,0.167,1.199]},"n":["0p938_0p997_0p167_0p167","0p938_0p997_0p167_0p167","0p667_1_0p167_1p199"],"t":36,"s":[0,0,100],"e":[7.195,7.195,100]},{"i":{"x":[0.917,0.917,0.667],"y":[1.007,1.007,1]},"o":{"x":[0.831,0.831,0.333],"y":[0.017,0.017,0]},"n":["0p917_1p007_0p831_0p017","0p917_1p007_0p831_0p017","0p667_1_0p333_0"],"t":40,"s":[7.195,7.195,100],"e":[5.443,5.443,100]},{"t":43}],"ix":6}},"ao":0,"ip":0,"op":100,"st":0,"bm":0},{"ddd":0,"ind":2,"ty":4,"nm":"N","sr":1,"ks":{"o":{"a":1,"k":[{"i":{"x":[0.833],"y":[0.833]},"o":{"x":[0.167],"y":[0.167]},"n":["0p833_0p833_0p167_0p167"],"t":35,"s":[100],"e":[0]},{"t":43}],"ix":11},"r":{"a":0,"k":0,"ix":10},"p":{"a":0,"k":[960,540,0],"ix":2},"a":{"a":0,"k":[0,0,0],"ix":1},"s":{"a":0,"k":[100,100,100],"ix":6}},"ao":0,"shapes":[{"ty":"gr","it":[{"ind":0,"ty":"sh","ix":1,"ks":{"a":0,"k":{"i":[[22.213,2.167],[0,0],[0,0],[0,0],[0,0],[0,0],[0,0],[-9.975,1.032],[0,0],[0,0],[0,0],[0,0]],"o":[[-20.5,-2],[0,0],[0,0],[0,0],[0,0],[0,0],[0,0],[14.5,-1.5],[0,0],[0,0],[0,0],[0,0]],"v":[[82,-61],[52,-50],[52,-59],[33,-59.25],[33,28.5],[53,28.5],[53,-33.75],[67.75,-44.75],[86,-35.25],[86,28.75],[105.5,28.75],[105.5,-36.75]],"c":true},"ix":2},"nm":"Caminho 1","mn":"ADBE Vector Shape - Group","hd":false},{"ty":"st","c":{"a":0,"k":[1,1,1,1],"ix":3},"o":{"a":0,"k":100,"ix":4},"w":{"a":0,"k":2,"ix":5},"lc":1,"lj":1,"ml":4,"ml2":{"a":0,"k":4,"ix":8},"nm":"Traçado 1","mn":"ADBE Vector Graphic - Stroke","hd":false},{"ty":"tr","p":{"a":0,"k":[0,0],"ix":2},"a":{"a":0,"k":[0,0],"ix":1},"s":{"a":0,"k":[100,100],"ix":3},"r":{"a":0,"k":0,"ix":6},"o":{"a":0,"k":100,"ix":7},"sk":{"a":0,"k":0,"ix":4},"sa":{"a":0,"k":0,"ix":5},"nm":"Transformar"}],"nm":"Forma 1","np":3,"cix":2,"ix":1,"mn":"ADBE Vector Group","hd":false},{"ty":"tm","s":{"a":0,"k":0,"ix":1},"e":{"a":1,"k":[{"i":{"x":[0.833],"y":[1]},"o":{"x":[0.167],"y":[0]},"n":["0p833_1_0p167_0"],"t":10,"s":[0],"e":[100]},{"t":30}],"ix":2},"o":{"a":0,"k":0,"ix":3},"m":1,"ix":2,"nm":"Aparar caminhos 1","mn":"ADBE Vector Filter - Trim","hd":false}],"ip":10,"op":110,"st":10,"bm":0},{"ddd":0,"ind":3,"ty":4,"nm":"A","sr":1,"ks":{"o":{"a":1,"k":[{"i":{"x":[0.833],"y":[0.833]},"o":{"x":[0.167],"y":[0.167]},"n":["0p833_0p833_0p167_0p167"],"t":35,"s":[100],"e":[0]},{"t":43}],"ix":11},"r":{"a":0,"k":0,"ix":10},"p":{"a":0,"k":[960,540,0],"ix":2},"a":{"a":0,"k":[0,0,0],"ix":1},"s":{"a":0,"k":[100,100,100],"ix":6}},"ao":0,"shapes":[{"ty":"gr","it":[{"ind":0,"ty":"sh","ix":1,"ks":{"a":0,"k":{"i":[[0,0],[1.231,-13.955],[0,0],[-6.25,12.75],[0,0]],"o":[[0,0],[-0.75,8.5],[0,0],[0,-0.75],[0,0]],"v":[[-22.5,-13],[-39.75,2],[-30,14],[-7,4.25],[-7,-12.75]],"c":true},"ix":2},"nm":"Caminho 1","mn":"ADBE Vector Shape - Group","hd":false},{"ty":"st","c":{"a":0,"k":[1,1,1,1],"ix":3},"o":{"a":0,"k":100,"ix":4},"w":{"a":0,"k":2,"ix":5},"lc":1,"lj":1,"ml":4,"ml2":{"a":0,"k":4,"ix":8},"nm":"Traçado 1","mn":"ADBE Vector Graphic - Stroke","hd":false},{"ty":"tr","p":{"a":0,"k":[0,0],"ix":2},"a":{"a":0,"k":[0,0],"ix":1},"s":{"a":0,"k":[100,100],"ix":3},"r":{"a":0,"k":0,"ix":6},"o":{"a":0,"k":100,"ix":7},"sk":{"a":0,"k":0,"ix":4},"sa":{"a":0,"k":0,"ix":5},"nm":"Transformar"}],"nm":"Forma 2","np":3,"cix":2,"ix":1,"mn":"ADBE Vector Group","hd":false},{"ty":"gr","it":[{"ind":0,"ty":"sh","ix":1,"ks":{"a":0,"k":{"i":[[28.125,0.875],[0,0],[0,0],[0,0],[-13.476,-0.457],[0,0],[0,0],[0,0],[4.428,-23.91],[0,0],[-12.341,12.342],[-2.938,-3],[0,0],[0.25,7.625],[0,0]],"o":[[-33.11,-1.03],[0,0],[0,0],[0,0],[14.75,0.5],[0,0],[0,0],[0,0],[-5,27],[0,0],[0.25,-0.25],[0,0],[0,0],[-0.126,-3.849],[0,0]],"v":[[-18.375,-61.375],[-56.375,-41.125],[-57.5,-34],[-38,-34],[-22,-45.75],[-7,-33.75],[-7,-25.25],[-26.5,-25.25],[-59,-2],[-36,29.75],[-6.25,20],[-3.25,28.25],[15.938,28.25],[12.625,14.625],[12.625,-35.25]],"c":true},"ix":2},"nm":"Caminho 1","mn":"ADBE Vector Shape - Group","hd":false},{"ty":"st","c":{"a":0,"k":[1,1,1,1],"ix":3},"o":{"a":0,"k":100,"ix":4},"w":{"a":0,"k":2,"ix":5},"lc":1,"lj":1,"ml":4,"ml2":{"a":0,"k":4,"ix":8},"nm":"Traçado 1","mn":"ADBE Vector Graphic - Stroke","hd":false},{"ty":"tr","p":{"a":0,"k":[0,0],"ix":2},"a":{"a":0,"k":[0,0],"ix":1},"s":{"a":0,"k":[100,100],"ix":3},"r":{"a":0,"k":0,"ix":6},"o":{"a":0,"k":100,"ix":7},"sk":{"a":0,"k":0,"ix":4},"sa":{"a":0,"k":0,"ix":5},"nm":"Transformar"}],"nm":"Forma 1","np":3,"cix":2,"ix":2,"mn":"ADBE Vector Group","hd":false},{"ty":"tm","s":{"a":0,"k":0,"ix":1},"e":{"a":1,"k":[{"i":{"x":[0.833],"y":[1]},"o":{"x":[0.167],"y":[0]},"n":["0p833_1_0p167_0"],"t":5,"s":[0],"e":[100]},{"t":25}],"ix":2},"o":{"a":0,"k":0,"ix":3},"m":1,"ix":3,"nm":"Aparar caminhos 1","mn":"ADBE Vector Filter - Trim","hd":false}],"ip":5,"op":105,"st":5,"bm":0},{"ddd":0,"ind":4,"ty":4,"nm":"M","sr":1,"ks":{"o":{"a":1,"k":[{"i":{"x":[0.833],"y":[0.833]},"o":{"x":[0.167],"y":[0.167]},"n":["0p833_0p833_0p167_0p167"],"t":35,"s":[100],"e":[0]},{"t":43}],"ix":11},"r":{"a":0,"k":0,"ix":10},"p":{"a":0,"k":[960,540,0],"ix":2},"a":{"a":0,"k":[0,0,0],"ix":1},"s":{"a":0,"k":[100,100,100],"ix":6}},"ao":0,"shapes":[{"ty":"gr","it":[{"ind":0,"ty":"sh","ix":1,"ks":{"a":0,"k":{"i":[[19.851,-4.581],[0,0],[0,0],[0,0],[0,0],[0,0],[0,0],[-10.601,-0.964],[-1.75,-5.5],[0,0],[0,0],[0,0],[-11.738,-0.734],[-1,-2.5],[0,0],[0,0],[0,0],[24,0.75],[0,0]],"o":[[-13,3],[0,0],[0,0],[0,0],[0,0],[0,0],[0,0],[11,1],[1.75,5.5],[0,0],[0,0],[0,0],[12,0.75],[1,2.5],[0,0],[0,0],[0,0],[-20.279,-0.634],[0,0]],"v":[[-163,-60.75],[-181.75,-50],[-181.75,-59.25],[-201,-59.25],[-201,28.75],[-181,28.75],[-181,-34.75],[-164.25,-44.75],[-149,-33.25],[-148,28.75],[-128.5,28.75],[-128.5,-33],[-112,-45],[-97,-35],[-96,28.25],[-76.5,28.5],[-76.75,-36.75],[-104.5,-60.5],[-132.5,-48]],"c":true},"ix":2},"nm":"Caminho 1","mn":"ADBE Vector Shape - Group","hd":false},{"ty":"st","c":{"a":0,"k":[1,1,1,1],"ix":3},"o":{"a":0,"k":100,"ix":4},"w":{"a":0,"k":2,"ix":5},"lc":1,"lj":1,"ml":4,"ml2":{"a":0,"k":4,"ix":8},"nm":"Traçado 1","mn":"ADBE Vector Graphic - Stroke","hd":false},{"ty":"tr","p":{"a":0,"k":[0,0],"ix":2},"a":{"a":0,"k":[0,0],"ix":1},"s":{"a":0,"k":[100,100],"ix":3},"r":{"a":0,"k":0,"ix":6},"o":{"a":0,"k":100,"ix":7},"sk":{"a":0,"k":0,"ix":4},"sa":{"a":0,"k":0,"ix":5},"nm":"Transformar"}],"nm":"Forma 1","np":3,"cix":2,"ix":1,"mn":"ADBE Vector Group","hd":false},{"ty":"tm","s":{"a":0,"k":0,"ix":1},"e":{"a":1,"k":[{"i":{"x":[0.833],"y":[1]},"o":{"x":[0.167],"y":[0]},"n":["0p833_1_0p167_0"],"t":0,"s":[0],"e":[100]},{"t":20}],"ix":2},"o":{"a":0,"k":0,"ix":3},"m":1,"ix":2,"nm":"Aparar caminhos 1","mn":"ADBE Vector Filter - Trim","hd":false}],"ip":0,"op":100,"st":0,"bm":0},{"ddd":0,"ind":5,"ty":5,"nm":"man","sr":1,"ks":{"o":{"a":1,"k":[{"i":{"x":[0.833],"y":[0.833]},"o":{"x":[0.167],"y":[0.167]},"n":["0p833_0p833_0p167_0p167"],"t":30,"s":[0],"e":[100]},{"t":39}],"ix":11},"r":{"a":0,"k":0,"ix":10},"p":{"a":0,"k":[961.154,524.57,0],"ix":2},"a":{"a":0,"k":[212.282,-43.851,0],"ix":1},"s":{"a":0,"k":[100,100,100],"ix":6}},"ao":0,"t":{"d":{"k":[{"s":{"s":166,"f":"Roboto-Bold","t":"man","j":0,"tr":0,"lh":199.2,"ls":0,"fc":[1,1,1]},"t":0}]},"p":{},"m":{"g":1,"a":{"a":0,"k":[0,0],"ix":2}},"a":[]},"ip":0,"op":100,"st":0,"bm":0}],"markers":[]}